city,total_trips,revenue,avg_fare
Gurugram,5663,2804067.8500000006,495.15589793395736
Noida,5668,2867672.65,505.9408345095272
Delhi,5702,2829943.249999998,496.3071290775163
Ghaziabad,5895,2955508.9499999983,501.35860050890557
