month,month_name,trips,revenue
1,January,1931,956608.0999999997
2,February,1738,842602.4500000001
3,March,1995,988259.45
4,April,1890,935959.3
5,May,1912,983036.7999999999
6,June,1887,956619.6000000001
7,July,1913,949961.3999999999
8,August,1967,975350.6000000002
9,September,1956,994757.9499999994
10,October,1918,976621.6499999997
11,November,1914,943597.9499999998
12,December,1907,953817.4500000008
