payment_method,total_transactions,revenue
UPI,8578,4272962.8
cash,8448,4266590.400000001
"Credit Card",2825,1376388.1999999995
Wallet,2845,1418796.4499999997
,232,122454.84999999996
