driver_id,total_trips,revenue,rating
D0130,67,33148.3,3.97
D0350,52,32749.9,4.03
D0039,56,32341.5,3.96
D0600,43,31702.45,3.93
D0167,49,29746.500000000004,3.97
D0519,54,29389.3,3.96
D0430,57,29276.450000000004,3.93
D0505,55,29083.75,4.01
D0140,44,28335.199999999997,3.88
D0195,52,28258.4,3.94
