vehicle_type,total_trips,revenue,avg_fare,avg_distance
Auto,4161,2093428.55,503.1070776255708,15.45181446767605
SUV,4613,2276126.4000000004,493.41565141990037,15.227249078690626
Sedan,4715,2349476.0999999996,498.2982184517497,15.327635206786848
Bike,4423,2251237.4500000007,508.98427537870236,15.503979199638216
Mini,5016,2486924.199999999,495.79828548644315,15.123425039872366
